1,Lou,BA2491A
2,Ulrike,IB0800A
3,Brade,MM0987B
4,Kimbell,BA2491A
5,Sheelagh,IB0800A
6,Gayle,MM0987B
7,Kimberlee,BA2491A
8,Henrieta,IB0800A
9,Jeanine,MM0987B
10,Aggie,BA2491A
11,Brandea,IB0800A
12,Cordelie,IB0800A
13,Shel,MM0987B
14,Bronnie,MM0987B
15,Megen,BA2491A
16,Iver,BA2491A
17,Ernesta,BA2491A
18,Cirillo,MM0987B
19,Park,MM0987B
20,Bellanca,BA2491A
21,Bobbye,BA2491A
22,Eugene,BA2491A
23,Johnny,MM0987B
24,Reagen,MM0987B
25,Braden,MM0987B
26,Karim,MM0987B
27,Anthea,MM0987B
28,Doro,IB0800A
29,Gaye,IB0800A
30,Toby,IB0800A
31,Franny,IB0800A
32,Katey,MM0987B
33,Earle,BA2491A
34,Redd,BA2491A
35,Jehanna,BA2491A
36,Cristie,BA2491A
37,Stefa,BA2491A
38,Roda,MM0987B
39,Alfredo,MM0987B
40,Sydney,MM0987B
41,Brnaba,MM0987B
42,Ame,BA2491A
43,Bradney,BA2491A
44,Margarete,BA2491A
45,Nikoletta,MM0987B
46,Lonnard,IB0800A
47,Raine,IB0800A
48,Noella,IB0800A
49,Dagmar,IB0800A
50,Carroll,IB0800A
51,Marion,IB0800A
52,Carline,IB0800A
53,Hyacinthie,MM0987B
54,Julina,MM0987B
55,Corina,MM0987B
56,Bernardine,MM0987B
57,Homer,MM0987B
58,Lianna,MM0987B
59,Celene,MM0987B
60,Kori,MM0987B
61,Deeyn,MM0987B
62,Marysa,MM0987B
63,Loy,MM0987B
64,Gabbey,MM0987B
65,Star,MM0987B
66,Dominica,IB0800A
67,Blanch,IB0800A
68,Cristobal,IB0800A
69,Paulita,IB0800A
70,Sayre,IB0800A
71,Shaughn,IB0800A
72,Katrine,IB0800A
73,Cristi,IB0800A
74,Cristie,IB0800A
75,Solomon,IB0800A
76,Nananne,IB0800A
77,Sacha,IB0800A
78,Morse,IB0800A
79,Roland,IB0800A
80,Jesselyn,IB0800A
81,Kylila,IB0800A
82,Kendre,IB0800A
83,Lesya,IB0800A
84,Tatiania,IB0800A
85,Trenton,IB0800A
86,Angie,MM0987B
87,Joelle,MM0987B
88,George,MM0987B
89,Guenevere,MM0987B
90,Margaretha,MM0987B
91,Sully,MM0987B
92,Lonni,MM0987B
93,Nicky,MM0987B
94,,MM0987B
95,Kyrstin,IB0800A
96,Martino,IB0800A
97,Marcellus,IB0800A
98,Jacquelin,IB0800A
99,Aleda,IB0800A
100,Georgeta,IB0800A
101,Marcille,IB0800A
102,Ertha,IB0800A
103,Desiri,MM0987B
104,Geneva,MM0987B
105,Kilian,MM0987B
106,Nance,MM0987B
107,Gaven,MM0987B
108,Carlie,MM0987B
109,Trixie,IB0800A
110,Dominick,IB0800A
111,Petey,IB0800A
112,Tersina,IB0800A
113,Johnathon,IB0800A
114,Freddie,IB0800A
115,Harmon,IB0800A
116,Tracey,IB0800A
117,Cherrita,MM0987B
118,Stu,MM0987B
119,Glenda,MM0987B
120,Lorettalorna,MM0987B
121,Patrizio,IB0800A
122,Linda,IB0800A
123,Pippa,IB0800A
124,Pen,IB0800A
125,Esteban,IB0800A
126,Fonzie,IB0800A
127,Cindelyn,IB0800A
128,Zacharie,BA2491A
129,Vina,BA2491A
130,Omero,BA2491A
131,Tom,BA2491A
132,Dante,BA2491A
133,Cordy,BA2491A
134,Stephenie,BA2491A
135,Dunstan,BA2491A
136,Gideon,BA2491A
137,Johnette,BA2491A
138,Brynn,BA2491A
139,Yankee,BA2491A
140,Corbin,BA2491A
141,Coreen,IB0800A
142,Tanya,IB0800A
143,Jenna,IB0800A
144,Flora,IB0800A
145,Dianna,IB0800A
146,Armand,IB0800A
147,Gustie,IB0800A
148,Benton,IB0800A
149,Lena,IB0800A
150,Dot,IB0800A
151,Meryl,IB0800A
152,Babbie,IB0800A
153,Byram,IB0800A
154,Bertine,IB0800A
155,Osbert,IB0800A
156,Tanny,IB0800A
157,Maryjo,IB0800A
158,Clarie,IB0800A
159,Kipp,IB0800A
160,Leonie,IB0800A
161,Ferdie,IB0800A
162,Ofella,IB0800A
163,Pascale,IB0800A
164,Cathrin,IB0800A
165,Sib,IB0800A
166,Darleen,IB0800A
167,Didi,IB0800A
168,Lodovico,IB0800A
169,Farley,IB0800A
170,Devi,IB0800A
171,Clair,IB0800A
172,Addy,IB0800A
173,Brandon,IB0800A
174,Prentiss,IB0800A
175,Lorant,MM0987B
176,Wanids,MM0987B
177,Robbi,MM0987B
178,Mellicent,MM0987B
179,Lynea,MM0987B
180,Nial,MM0987B
181,Guillaume,MM0987B
182,Loutitia,MM0987B
183,Ruthe,MM0987B
184,Eric,MM0987B
185,Marcellus,MM0987B
186,Ian,MM0987B
187,Sebastien,MM0987B
188,Scarface,MM0987B
189,Maible,MM0987B
190,Waldon,MM0987B
191,Bethina,MM0987B
192,Farand,MM0987B
193,Zolly,MM0987B
194,Philipa,TU6789B
195,Roderigo,BA2491A
196,Otho,BA2491A
197,Alasteir,BA2491A
198,Eleonora,BA2491A
199,Eliot,BA2491A
200,Alana,BA2491A
201,Odey,BA2491A
202,Yorke,BA2491A
203,Cissiee,BA2491A
204,Jillana,BA2491A
205,Mallorie,TU6789B
206,Borden,TU6789B
207,Maddie,TU6789B
208,Weider,TU6789B
209,Asia,TU6789B
210,Sayres,TU6789B
211,Marcile,TU6789B
212,Thomasina,TU6789B
213,Darwin,TU6789B
214,Nicolina,TU6789B
215,Nita,TU6789B
216,Nikoletta,TU6789B
217,Dwight,TU6789B
218,Romola,TU6789B
219,Kaile,TU6789B
220,Mozes,TU6789B
221,Aylmer,TU6789B
222,Marina,TU6789B
223,Enrico,TU6789B
224,Zonda,TU6789B
225,Adriano,TU6789B
226,Trula,TU6789B
227,Adel,TU6789B
228,Jeniece,TU6789B
229,Tabina,TU6789B
230,Liana,TU6789B
231,Marmaduke,BA2491A
232,Alla,BA2491A
233,Peter,BA2491A
234,Pietro,BA2491A
235,Hiram,BA2491A
236,Anastasia,BA2491A
237,Cathleen,TU6789B
238,Leeanne,TU6789B
239,Chet,TU6789B
240,Billie,TU6789B
241,Alexandra,TU6789B
242,Broddie,TU6789B
243,Brigham,TU6789B
244,Cal,TU6789B
245,Donal,TU6789B
246,Adam,TU6789B
247,Dotty,TU6789B
248,Maynard,TU6789B
249,Jessee,TU6789B
250,Tiphani,TU6789B
251,Jenna,TU6789B
252,Karlotte,BA2491A
253,Norene,BA2491A
254,Morris,BA2491A
255,Yuri,BA2491A
256,Gusty,BA2491A
257,Jori,BA2491A
258,Sydelle,BA2491A
259,Merrile,BA2491A
260,Tadd,TU6789B
261,Josiah,TU6789B
262,Melisa,TU6789B
263,Orelee,TU6789B
264,Stephen,TU6789B
265,Blair,TU6789B
266,Arel,TU6789B
267,Abbie,TU6789B
268,Channa,TU6789B
269,Shirl,TU6789B
270,Edlin,TU6789B
271,Larina,TU6789B
272,Duncan,TU6789B
273,Bond,TU6789B
274,Dyann,TU6789B
275,Charmian,TU6789B
276,Dru,TU6789B
277,Kiel,TU6789B
278,Emory,TU6789B
279,Alberik,TU6789B
280,Koenraad,TU6789B
281,Rafaellle,TU6789B
282,Edie,TU6789B
283,Osbert,TU6789B
284,Sidonia,TU6789B
285,Bartel,TU6789B
286,Jodi,BA2491A
287,Ofelia,BA2491A
288,Dudley,BA2491A
289,Dulcea,BA2491A
290,Gordon,BA2491A
291,Chalmers,BA2491A
292,Christiano,BA2491A
293,Russell,BA2491A
294,Cleo,BA2491A
295,Catriona,TU6789B
296,Leigh,TU6789B
297,Ddene,TU6789B
298,Sayre,TU6789B
299,Jody,TU6789B
300,Zabrina,TU6789B
301,Cos,TU6789B
302,Ron,TU6789B
303,Charin,TU6789B
304,Coleman,TU6789B
305,Jacinda,TU6789B
306,Silvan,TU6789B
307,Renie,TU6789B
308,Davide,TU6789B
309,Ernestus,TU6789B
310,Brnaba,TU6789B
311,Tabor,TU6789B
312,Lenci,TU6789B
313,Franchot,TU6789B
314,Charisse,TU6789B
315,Timothea,TU6789B
316,Angelika,BA2491A
317,Web,BA2491A
318,Urban,BA2491A
319,Fan,BA2491A
320,Donaugh,BA2491A
321,Wilona,BA2491A
322,Richard,BA2491A
323,Hilary,BA2491A
324,,BA2491A
325,Maynord,BA2491A
326,Lina,TU6789B
327,Nerty,TU6789B
328,Matias,TU6789B
329,Urbano,TU6789B
330,Rosemarie,TU6789B
331,Booth,TU6789B
332,Eden,TU6789B
333,Cornie,TU6789B
334,Isak,TU6789B
335,Rand,TU6789B
336,Dominique,TU6789B
337,Lira,TU6789B
338,Filbert,TU6789B
339,Nona,TU6789B
340,Melloney,TU6789B
341,Rafaello,TU6789B
342,Floria,TU6789B
343,Johannes,TU6789B
344,Genevra,TU6789B
345,Aldric,TU6789B
346,Janeta,TU6789B
347,Tarra,TU6789B
348,Jefferey,TU6789B
349,Cassie,TU6789B
350,Maiga,TU6789B
351,Heddi,TU6789B
352,Marieann,TU6789B
353,Carita,TU6789B
354,Kurtis,TU6789B
355,Wilfred,TU6789B
356,Isabelle,TU6789B
357,Nisse,TU6789B
358,Ula,TU6789B
359,Tully,TU6789B
360,Honor,TU6789B
361,Sinclair,TU6789B
362,Buddy,TU6789B
363,Neilla,TU6789B
364,Junie,TU6789B
365,Neely,TU6789B
366,Klarrisa,TU6789B
367,Maryellen,TU6789B
368,Clywd,TU6789B
369,Deni,TU6789B
370,Ingrim,TU6789B
371,Franni,TU6789B
372,Andy,TU6789B
373,Veronica,TU6789B
374,Dalis,TU6789B
375,Nanni,BA2491A
376,Vikky,BA2491A
377,Hussein,BA2491A
378,Brigg,BA2491A
379,Crawford,BA2491A
380,Fran,BA2491A
381,Silas,BA2491A
382,Alister,BA2491A
383,George,TU6789B
384,Nonnah,TU6789B
385,Gayel,TU6789B
386,Demeter,TU6789B
387,Juliann,TU6789B
388,Shauna,TU6789B
389,Anna-maria,TU6789B
390,,TU6789B
391,Sherwin,MM0987B
392,Vikki,MM0987B
393,Barret,MM0987B
394,Gaelan,MM0987B
395,Livy,MM0987B
396,Iorgos,MM0987B
397,Charil,MM0987B
398,Easter,MM0987B
399,Esdras,MM0987B
400,Prince,MM0987B
401,Vail,MM0987B
402,Rachel,MM0987B
403,Bar,TU6789B
404,Willa,TU6789B
405,Amerigo,TU6789B
406,Fredric,TU6789B
407,Mikael,TU6789B
408,Benson,TU6789B
409,Sileas,TU6789B
410,Fidelia,TU6789B
411,Frayda,TU6789B
412,Babita,TU6789B
413,Clair,TU6789B
414,Morie,TU6789B
415,Skylar,TU6789B
416,Dennie,TU6789B
417,Sibley,TU6789B
418,Addia,TU6789B
419,,TU6789B
420,Lothaire,TU6789B
421,Neila,TU6789B
422,Jennifer,GU2345F
423,Keelby,GU2345F
424,Chuck,GU2345F
425,Jordan,GU2345F
426,Minnnie,GU2345F
427,Carine,GU2345F
428,Kelly,GU2345F
429,Coleman,GU2345F
430,Pincus,GU2345F
431,Smitty,GU2345F
432,Wade,GU2345F
433,Emmit,GU2345F
434,Brietta,GU2345F
435,Wesley,GU2345F
436,Felicdad,GU2345F
437,Any,GU2345F
438,Gardie,GU2345F
439,Leelah,GU2345F
440,Garold,GU2345F
441,Regine,GU2345F
442,Tam,GU2345F
443,Davon,GU2345F
444,Chrissy,GU2345F
445,Ozzie,GU2345F
446,Rina,GU2345F
447,Guy,GU2345F
448,Lenora,GU2345F
449,Julietta,GU2345F
450,Alexandr,GU2345F
451,Margalit,GU2345F
452,Samara,GU2345F
453,Portie,GU2345F
454,Korella,GU2345F
455,Hilly,GU2345F
456,Leeanne,GU2345F
457,Arnaldo,GU2345F
458,Kassi,GU2345F
459,Karen,GU2345F
460,Mac,GU2345F
461,Anthia,GU2345F
462,Marsiella,GU2345F
463,Shea,GU2345F
464,Liana,GU2345F
465,Carley,GU2345F
466,Carlye,GU2345F
467,Svend,GU2345F
468,Kendell,GU2345F
469,Chrisy,GU2345F
470,Rod,GU2345F
471,Ramsay,GU2345F
472,Saidee,GU2345F
473,Erek,GU2345F
474,Salomi,GU2345F
475,Coletta,GU2345F
476,Abigael,GU2345F
477,Mariele,GU2345F
478,Brooke,GU2345F
479,Benita,GU2345F
480,Marissa,GU2345F
481,Lionello,GU2345F
482,Tori,GU2345F
483,Micheil,GU2345F
484,Kym,GU2345F
485,Melisse,GU2345F
486,Bartholomew,GU2345F
487,Rorie,GU2345F
488,Hedvige,GU2345F
489,Dorothea,GU2345F
490,Tamarah,GU2345F
491,Skipton,GU2345F
492,Minny,GU2345F
493,Joshia,GU2345F
494,Mirilla,GU2345F
495,Willey,GU2345F
496,Conrado,GU2345F
497,Fredia,GU2345F
498,Gretchen,GU2345F
499,Bibbie,GU2345F
500,Warren,GU2345F
501,Gabi,GU2345F
502,Callie,GU2345F
503,Patton,GU2345F
504,Karie,GU2345F
505,Martguerita,GU2345F
506,Lothaire,GU2345F
507,Patrice,GU2345F
508,Lin,MM0987B
509,Cornie,MM0987B
510,Irena,MM0987B
511,Markos,MM0987B
512,Bird,MM0987B
513,Lorna,MM0987B
514,Vincents,MM0987B
515,Torrey,GU2345F
516,Pernell,GU2345F
517,Danya,GU2345F
518,Erda,GU2345F
519,Ethe,GU2345F
520,Coop,GU2345F
521,Sheridan,GU2345F
522,Charles,GU2345F
523,Eddy,GU2345F
524,Janey,GU2345F
525,Edan,GU2345F
526,Homer,GU2345F
527,Eveline,GU2345F
528,Helen-elizabeth,GU2345F
529,Daveta,GU2345F
530,Mort,GU2345F
531,Maxi,GU2345F
532,Nathalie,GU2345F
533,Dennison,GU2345F
534,Bunnie,GU2345F
535,Frans,BA2491A
536,Delmar,BA2491A
537,Ced,BA2491A
538,Caren,BA2491A
539,Christie,BA2491A
540,Saunders,BA2491A
541,Deny,GU2345F
542,Gene,GU2345F
543,Margeaux,GU2345F
544,Prisca,GU2345F
545,Domini,GU2345F
546,Henrie,GU2345F
547,Marj,GU2345F
548,Mab,GU2345F
549,Josiah,GU2345F
550,Mathe,GU2345F
551,Gauthier,GU2345F
552,Delmore,GU2345F
553,Lynett,GU2345F
554,Lucais,GU2345F
555,Clarice,GU2345F
556,Aeriela,GU2345F
557,Babbie,GU2345F
558,Caren,GU2345F
559,Jessamine,GU2345F
560,Hesther,GU2345F
561,Sasha,GU2345F
562,Erica,GU2345F
563,Keith,GU2345F
564,Briney,GU2345F
565,Rutherford,GU2345F
566,Lemmie,GU2345F
567,Dur,GU2345F
568,Modesta,GU2345F
569,Carter,GU2345F
570,Retha,GU2345F
571,Carma,GU2345F
572,Antonella,GU2345F
573,Sutherlan,GU2345F
574,Phillipe,GU2345F
575,Florida,HY4567D
576,Corrina,HY4567D
577,Adrianne,HY4567D
578,Scarlett,HY4567D
579,Shel,HY4567D
580,Delaney,HY4567D
581,Tiphani,HY4567D
582,Grier,HY4567D
583,Annabell,HY4567D
584,Basil,HY4567D
585,Horatius,HY4567D
586,Umeko,HY4567D
587,Hayes,HY4567D
588,Lynnette,HY4567D
589,Hesther,HY4567D
590,Trumaine,HY4567D
591,Emlyn,HY4567D
592,Corabelle,HY4567D
593,Vic,HY4567D
594,Cyndia,HY4567D
595,Gray,HY4567D
596,Dylan,HY4567D
597,Isabelle,HY4567D
598,Eachelle,HY4567D
599,Howard,HY4567D
600,Cornall,HY4567D
601,Emmalee,HY4567D
602,Brian,HY4567D
603,Cahra,HY4567D
604,Arvin,HY4567D
605,Minda,HY4567D
606,Dedie,HY4567D
607,Lydia,HY4567D
608,Joshia,HY4567D
609,Bernita,HY4567D
610,Sayre,HY4567D
611,Pearla,HY4567D
612,Fidole,HY4567D
613,Evin,HY4567D
614,Fredia,HY4567D
615,Idalina,HY4567D
616,Hetti,HY4567D
617,Kirk,HY4567D
618,Orson,HY4567D
619,Lyndsay,HY4567D
620,Lissy,HY4567D
621,Odessa,HY4567D
622,Hestia,HY4567D
623,Dorotea,HY4567D
624,Giraud,HY4567D
625,Tonya,HY4567D
626,Menard,HY4567D
627,Nicola,HY4567D
628,Maddy,HY4567D
629,Mace,HY4567D
630,Lyndy,HY4567D
631,Ivonne,HY4567D
632,Josepha,HY4567D
633,Shandra,HY4567D
634,Viva,HY4567D
635,Sherwin,HY4567D
636,Abigail,HY4567D
637,Rosalia,HY4567D
638,Merissa,HY4567D
639,Marylee,HY4567D
640,Wolfy,HY4567D
641,Maia,HY4567D
642,Elinor,HY4567D
643,Neron,HY4567D
644,Malachi,HY4567D
645,Sarajane,HY4567D
646,Arlie,HY4567D
647,Felike,HY4567D
648,Ethan,HY4567D
649,Ruthy,HY4567D
650,Hugo,HY4567D
651,Thorndike,HY4567D
652,Cesaro,HY4567D
653,Harmonia,HY4567D
654,Damara,HY4567D
655,Maddy,HY4567D
656,Filmer,HY4567D
657,Boothe,HY4567D
658,Dorrie,HY4567D
659,Willdon,HY4567D
660,Cindi,HY4567D
661,Shermie,HY4567D
662,Byrom,HY4567D
663,Millie,HY4567D
664,Natassia,HY4567D
665,Wheeler,HY4567D
666,Caritta,HY4567D
667,Kennan,HY4567D
668,Katina,HY4567D
669,Beverlee,HY4567D
670,Arlette,HY4567D
671,Jacqueline,HY4567D
672,Sheila-kathryn,HY4567D
673,Lambert,HY4567D
674,Lamont,HY4567D
675,Immanuel,HY4567D
676,Nani,HY4567D
677,Galen,HY4567D
678,Nilson,HY4567D
679,Tomi,HY4567D
680,Flore,HY4567D
681,Burgess,HY4567D
682,Tally,HY4567D
683,Jaquenette,HY4567D
684,Sly,HY4567D
685,Yul,HY4567D
686,Rosalyn,HY4567D
687,Devondra,HY4567D
688,Xenos,HY4567D
689,Terrence,HY4567D
690,Krystyna,HY4567D
691,Krishna,HY4567D
692,Zorina,HY4567D
693,Baxy,HY4567D
694,Terrie,HY4567D
695,Justino,HY4567D
696,Erhard,HY4567D
697,Robbie,HY4567D
698,Paddie,HY4567D
699,Evelyn,HY4567D
700,Abbot,HY4567D
701,Tedra,HY4567D
702,Rikki,HY4567D
703,Alverta,HY4567D
704,Pauly,HY4567D
705,Ariella,HY4567D
706,Lia,HY4567D
707,Petronille,HY4567D
708,Merle,HY4567D
709,Hagan,HY4567D
710,Nikolaus,HY4567D
711,Cinda,HY4567D
712,Matelda,HY4567D
713,Roslyn,HY4567D
714,Jerrylee,HY4567D
715,Lucky,IB0800A
716,Elita,IB0800A
717,Hyacinthia,IB0800A
718,Fina,IB0800A
719,Kamila,IB0800A
720,Jennie,IB0800A
721,Riobard,IB0800A
722,Joannes,IB0800A
723,Darlene,IB0800A
724,Zia,IB0800A
725,Cristina,IB0800A
726,Jonathon,IB0800A
727,Rickie,IB0800A
728,Klara,IB0800A
729,Osbert,IB0800A
730,Emmet,IB0800A
731,Cassandry,IB0800A
732,Enrica,IB0800A
733,Evvy,IB0800A
734,Silas,IB0800A
735,Kaia,IB0800A
736,Arvie,IB0800A
737,Keith,FR5678G
738,Silvie,FR5678G
739,Winnifred,FR5678G
740,Chen,FR5678G
741,Carleton,FR5678G
742,Silvano,FR5678G
743,Pancho,FR5678G
744,Melonie,FR5678G
745,Gordon,FR5678G
746,Rosemarie,FR5678G
747,Graehme,FR5678G
748,Mitchael,FR5678G
749,Carola,FR5678G
750,Zsa zsa,FR5678G
751,Jude,FR5678G
752,Arch,FR5678G
753,Andrej,FR5678G
754,Amber,FR5678G
755,Dorian,FR5678G
756,Kaitlynn,FR5678G
757,Kerianne,FR5678G
758,Boycie,FR5678G
759,Nanete,FR5678G
760,Sidonia,FR5678G
761,Galvan,FR5678G
762,Lucienne,FR5678G
763,Davidson,FR5678G
764,Roslyn,FR5678G
765,Jenny,FR5678G
766,Toby,FR5678G
767,Brynne,FR5678G
768,Blakeley,FR5678G
769,Egan,FR5678G
770,Barbey,FR5678G
771,Portia,FR5678G
772,Alica,FR5678G
773,Juliana,FR5678G
774,Barde,FR5678G
775,Wilie,FR5678G
776,Letta,FR5678G
777,Ree,FR5678G
778,Ingmar,FR5678G
779,Melva,FR5678G
780,Tootsie,FR5678G
781,Felike,FR5678G
782,Laughton,FR5678G
783,Crosby,FR5678G
784,Marianne,FR5678G
785,Francine,FR5678G
786,Edan,FR5678G
787,Fayre,FR5678G
788,Adelaida,FR5678G
789,Florella,FR5678G
790,Noll,FR5678G
791,,FR5678G
792,Jermayne,FR5678G
793,Grayce,FR5678G
794,Harv,FR5678G
795,Lorianna,FR5678G
796,Hersh,FR5678G
797,Diahann,FR5678G
798,Yelena,FR5678G
799,Emmaline,FR5678G
800,Daffi,FR5678G
801,Janine,FR5678G
802,Sheilah,FR5678G
803,Lazaro,FR5678G
804,Earle,FR5678G
805,Fred,FR5678G
806,Almira,FR5678G
807,Wini,FR5678G
808,Emanuel,FR5678G
809,Obadias,FR5678G
810,Efrem,FR5678G
811,Susi,FR5678G
812,Maxy,FR5678G
813,Agnes,FR5678G
814,Obadiah,FR5678G
815,Lefty,FR5678G
816,Michele,FR5678G
817,Cynthia,FR5678G
818,Hyatt,FR5678G
819,Roch,FR5678G
820,Mag,FR5678G
821,Trevor,FR5678G
822,Jefferey,FR5678G
823,Tania,FR5678G
824,Mercie,FR5678G
825,Andrei,FR5678G
826,Yetta,FR5678G
827,Angeli,FR5678G
828,Norbert,FR5678G
829,Conan,FR5678G
830,Cale,FR5678G
831,Christina,FR5678G
832,Olivier,FR5678G
833,Oby,FR5678G
834,Chad,FR5678G
835,Adelle,FR5678G
836,Keene,FR5678G
837,Corrina,FR5678G
838,Hashim,FR5678G
839,Oralia,FR5678G
840,Wadsworth,FR5678G
841,Shelley,FR5678G
842,Irv,FR5678G
843,Grant,FR5678G
844,Bella,FR5678G
845,Yardley,FR5678G
846,Brendin,FR5678G
847,Estella,FR5678G
848,Rasia,FR5678G
849,Gibb,FR5678G
850,Amanda,FR5678G
851,Sidoney,FR5678G
852,Giacopo,FR5678G
853,Eve,FR5678G
854,Levon,FR5678G
855,Vassili,FR5678G
856,Henrieta,FR5678G
857,Devlen,FR5678G
858,Ophelie,FR5678G
859,Abramo,FR5678G
860,Fair,FR5678G
861,Pietrek,FR5678G
862,Holden,FR5678G
863,Cherish,FR5678G
864,Alonzo,FR5678G
865,Devonna,FR5678G
866,Rubi,FR5678G
867,Emmanuel,FR5678G
868,Trumaine,FR5678G
869,Malory,FR5678G
870,Pearla,FR5678G
871,Phelia,FR5678G
872,Madonna,FR5678G
873,Thomasa,FR5678G
874,Estella,FR5678G
875,Saw,FR5678G
876,Cecil,FR5678G
877,Mac,FR5678G
878,Ralf,FR5678G
879,Barbey,FR5678G
880,Josi,FR5678G
881,Kenna,FR5678G
882,Rina,FR5678G
883,Callida,FR5678G
884,Lona,FR5678G
885,Jan,FR5678G
886,Bailey,FR5678G
887,Guillermo,FR5678G
888,Katlin,FR5678G
889,Flo,FR5678G
890,Madel,FR5678G
891,Conant,FR5678G
892,Devland,FR5678G
893,Annamarie,FR5678G
894,Gabbie,FR5678G
895,Frasquito,FR5678G
896,Oberon,FR5678G
897,Gabriell,FR5678G
898,,BR3456J
899,Martelle,BR3456J
900,Riccardo,BR3456J
901,Shaughn,BR3456J
902,Coral,BR3456J
903,Judas,BR3456J
904,Josiah,BR3456J
905,Freda,BR3456J
906,Lynn,BR3456J
907,Tabb,BR3456J
908,Brittany,MM0987B
909,Leo,MM0987B
910,Atlante,MM0987B
911,Maurie,MM0987B
912,Oren,MM0987B
913,Anetta,MM0987B
914,Curry,MM0987B
915,Tyrone,MM0987B
916,Saunder,MM0987B
917,Luis,MM0987B
918,Alysia,MM0987B
919,Calypso,BR3456J
920,Gretna,BR3456J
921,Odie,BR3456J
922,Wenda,BR3456J
923,Ezekiel,BR3456J
924,Orlan,BR3456J
925,Wittie,BR3456J
926,Abbie,BR3456J
927,Robinia,BR3456J
928,Hayden,BR3456J
929,Melody,BR3456J
930,Emory,BR3456J
931,Callie,BR3456J
932,Debby,IB0800A
933,Gui,IB0800A
934,Dorette,IB0800A
935,Jillane,IB0800A
936,Carolina,IB0800A
937,Randy,IB0800A
938,Arabel,IB0800A
939,Verina,IB0800A
940,Josefina,IB0800A
941,Nina,IB0800A
942,Vernen,IB0800A
943,Loria,IB0800A
944,Isabeau,BA2491A
945,Cherice,BR3456J
946,Kimberley,BR3456J
947,Martyn,BR3456J
948,Agustin,BR3456J
949,Clerissa,BR3456J
950,Lonna,BR3456J
951,Wake,BR3456J
952,Edwina,MM0987B
953,Lacey,MM0987B
954,Laetitia,MM0987B
955,Delila,MM0987B
956,Sioux,MM0987B
957,Floyd,MM0987B
958,Trista,BR3456J
959,Shaughn,BR3456J
960,Zitella,BR3456J
961,Ginnie,BR3456J
962,Burty,BR3456J
963,Arley,BR3456J
964,Ansley,BR3456J
965,Kirstin,BR3456J
966,Karon,BR3456J
967,Esme,BR3456J
968,Berenice,IB0800A
969,Charlie,IB0800A
970,Noach,IB0800A
971,Mercedes,IB0800A
972,Sloan,IB0800A
973,Guglielma,IB0800A
974,Herrick,IB0800A
975,Aleksandr,IB0800A
976,Arlina,IB0800A
977,Wenonah,IB0800A
978,Warner,IB0800A
979,Libbey,BA2491A
980,Brana,BA2491A
981,Genevieve,BA2491A
982,Sharai,BA2491A
983,Josi,BA2491A
984,Pebrook,BA2491A
985,Erna,BA2491A
986,Ferd,BA2491A
987,Mohammed,BA2491A
988,Dawn,BA2491A
989,Wandie,BA2491A
990,Chiarra,MM0987B
991,Zaccaria,MM0987B
992,Trenna,MM0987B
993,Angelia,MM0987B
994,Raquela,MM0987B
995,Maxi,MM0987B
996,Atalanta,MM0987B
997,De witt,MM0987B
998,Jaye,MM0987B
999,Tamarra,MM0987B
1000,Saleem,MM0987B
